<?xml version="1.0" encoding="UTF-8"?><?xml-stylesheet type='text/xsl' href='_UpgradeReport_Files/UpgradeReport.xslt'?><UpgradeLog>
<Properties><Property Name="Solution" Value="UpdateEPMS">
</Property><Property Name="Solution File" Value="C:\Users\Sony\Documents\Programming\cpms\form\UpdateApp - with Folder(epms)\UpdateApp - with Folder(epms)\UpdateEPMS.sln">
</Property><Property Name="User Options File" Value="C:\Users\Sony\Documents\Programming\cpms\form\UpdateApp - with Folder(epms)\UpdateApp - with Folder(epms)\UpdateEPMS.suo">
</Property><Property Name="Date" Value="Wednesday, May 30, 2012">
</Property><Property Name="Time" Value="20:11 PM">
</Property></Properties><Event ErrorLevel="0" Project="" Source="UpdateEPMS.sln" Description="File successfully backed up as C:\Users\Sony\Documents\Programming\cpms\form\UpdateApp - with Folder(epms)\UpdateApp - with Folder(epms)\Backup\UpdateEPMS.sln">
</Event><Event ErrorLevel="0" Project="" Source="UpdateEPMS.suo" Description="File successfully backed up as C:\Users\Sony\Documents\Programming\cpms\form\UpdateApp - with Folder(epms)\UpdateApp - with Folder(epms)\Backup\UpdateEPMS.suo">
</Event><Event ErrorLevel="0" Project="UpdateEPMS" Source="UpdateEPMS.vbproj" Description="Project file successfully backed up as C:\Users\Sony\Documents\Programming\cpms\form\UpdateApp - with Folder(epms)\UpdateApp - with Folder(epms)\Backup\UpdateEPMS.vbproj">
</Event><Event ErrorLevel="0" Project="UpdateEPMS" Source="UpdateEPMS.vbproj.user" Description="Project user file successfully backed up as C:\Users\Sony\Documents\Programming\cpms\form\UpdateApp - with Folder(epms)\UpdateApp - with Folder(epms)\Backup\UpdateEPMS.vbproj.user">
</Event><Event ErrorLevel="0" Project="UpdateEPMS" Source="clsUpdateWorker.vb" Description="File successfully backed up as C:\Users\Sony\Documents\Programming\cpms\form\UpdateApp - with Folder(epms)\UpdateApp - with Folder(epms)\Backup\clsUpdateWorker.vb">
</Event><Event ErrorLevel="0" Project="UpdateEPMS" Source="cSetting\clsConnection.vb" Description="File successfully backed up as C:\Users\Sony\Documents\Programming\cpms\form\UpdateApp - with Folder(epms)\UpdateApp - with Folder(epms)\Backup\cSetting\clsConnection.vb">
</Event><Event ErrorLevel="0" Project="UpdateEPMS" Source="frmUpdateApp.Designer.vb" Description="File successfully backed up as C:\Users\Sony\Documents\Programming\cpms\form\UpdateApp - with Folder(epms)\UpdateApp - with Folder(epms)\Backup\frmUpdateApp.Designer.vb">
</Event><Event ErrorLevel="0" Project="UpdateEPMS" Source="frmUpdateApp.vb" Description="File successfully backed up as C:\Users\Sony\Documents\Programming\cpms\form\UpdateApp - with Folder(epms)\UpdateApp - with Folder(epms)\Backup\frmUpdateApp.vb">
</Event><Event ErrorLevel="0" Project="UpdateEPMS" Source="My Project\AssemblyInfo.vb" Description="File successfully backed up as C:\Users\Sony\Documents\Programming\cpms\form\UpdateApp - with Folder(epms)\UpdateApp - with Folder(epms)\Backup\My Project\AssemblyInfo.vb">
</Event><Event ErrorLevel="0" Project="UpdateEPMS" Source="My Project\Application.Designer.vb" Description="File successfully backed up as C:\Users\Sony\Documents\Programming\cpms\form\UpdateApp - with Folder(epms)\UpdateApp - with Folder(epms)\Backup\My Project\Application.Designer.vb">
</Event><Event ErrorLevel="0" Project="UpdateEPMS" Source="My Project\Resources.Designer.vb" Description="File successfully backed up as C:\Users\Sony\Documents\Programming\cpms\form\UpdateApp - with Folder(epms)\UpdateApp - with Folder(epms)\Backup\My Project\Resources.Designer.vb">
</Event><Event ErrorLevel="0" Project="UpdateEPMS" Source="My Project\Settings.Designer.vb" Description="File successfully backed up as C:\Users\Sony\Documents\Programming\cpms\form\UpdateApp - with Folder(epms)\UpdateApp - with Folder(epms)\Backup\My Project\Settings.Designer.vb">
</Event><Event ErrorLevel="0" Project="UpdateEPMS" Source="My Project\Application.myapp" Description="File successfully backed up as C:\Users\Sony\Documents\Programming\cpms\form\UpdateApp - with Folder(epms)\UpdateApp - with Folder(epms)\Backup\My Project\Application.myapp">
</Event><Event ErrorLevel="0" Project="UpdateEPMS" Source="My Project\Settings.settings" Description="File successfully backed up as C:\Users\Sony\Documents\Programming\cpms\form\UpdateApp - with Folder(epms)\UpdateApp - with Folder(epms)\Backup\My Project\Settings.settings">
</Event><Event ErrorLevel="0" Project="UpdateEPMS" Source="Resources\Download.png" Description="File successfully backed up as C:\Users\Sony\Documents\Programming\cpms\form\UpdateApp - with Folder(epms)\UpdateApp - with Folder(epms)\Backup\Resources\Download.png">
</Event><Event ErrorLevel="0" Project="UpdateEPMS" Source="My Project\app.manifest" Description="File successfully backed up as C:\Users\Sony\Documents\Programming\cpms\form\UpdateApp - with Folder(epms)\UpdateApp - with Folder(epms)\Backup\My Project\app.manifest">
</Event><Event ErrorLevel="0" Project="UpdateEPMS" Source="Resources\untitled.bmp" Description="File successfully backed up as C:\Users\Sony\Documents\Programming\cpms\form\UpdateApp - with Folder(epms)\UpdateApp - with Folder(epms)\Backup\Resources\untitled.bmp">
</Event><Event ErrorLevel="0" Project="UpdateEPMS" Source="Resources\myDesign.jpg" Description="File successfully backed up as C:\Users\Sony\Documents\Programming\cpms\form\UpdateApp - with Folder(epms)\UpdateApp - with Folder(epms)\Backup\Resources\myDesign.jpg">
</Event><Event ErrorLevel="0" Project="UpdateEPMS" Source="Download.ico" Description="File successfully backed up as C:\Users\Sony\Documents\Programming\cpms\form\UpdateApp - with Folder(epms)\UpdateApp - with Folder(epms)\Backup\Download.ico">
</Event><Event ErrorLevel="0" Project="UpdateEPMS" Source="frmUpdateApp.resx" Description="File successfully backed up as C:\Users\Sony\Documents\Programming\cpms\form\UpdateApp - with Folder(epms)\UpdateApp - with Folder(epms)\Backup\frmUpdateApp.resx">
</Event><Event ErrorLevel="0" Project="UpdateEPMS" Source="My Project\Resources.resx" Description="File successfully backed up as C:\Users\Sony\Documents\Programming\cpms\form\UpdateApp - with Folder(epms)\UpdateApp - with Folder(epms)\Backup\My Project\Resources.resx">
</Event><Event ErrorLevel="0" Project="UpdateEPMS" Source="UpdateEPMS.vbproj" Description="Project converted successfully">
</Event><Event ErrorLevel="3" Project="UpdateEPMS" Source="UpdateEPMS.vbproj" Description="Converted">
</Event><Event ErrorLevel="0" Project="" Source="UpdateEPMS.sln" Description="Solution converted successfully">
</Event><Event ErrorLevel="3" Project="" Source="UpdateEPMS.sln" Description="Converted">
</Event><Event ErrorLevel="0" Project="UpdateEPMS" Source="UpdateEPMS.vbproj" Description="Scan complete: Upgrade not required for project files.">
</Event></UpgradeLog>